peptide,position,allele,binding_affinity,binding_rank,epitope_class,source_tool,peptide_length,bepipred_score,antigenicity,allergenicity,toxicity,passes_antigenicity,passes_toxicity,passes_allergenicity,passes_binding,passes_filters
DSPDLPKLKPDPNT,132,B-cell-linear,456.94,2.69,B_CELL,BepiPred_simulated,14,0.7758,0.705,0.1107,0.1357,True,True,True,True,True
DDSPDLPKLKPDPN,131,B-cell-linear,460.09,2.744,B_CELL,BepiPred_simulated,14,0.7713,0.69,0.1357,0.1357,True,True,True,True,True
KDDSPDLPKLKPDP,130,B-cell-linear,475.77,3.013,B_CELL,BepiPred_simulated,14,0.7489,0.675,0.1393,0.1571,True,True,True,True,True
SHKDDSPDLPKLKP,128,B-cell-linear,485.08,3.173,B_CELL,BepiPred_simulated,14,0.7356,0.69,0.125,0.1536,True,True,True,True,True
HKDDSPDLPKLKPD,129,B-cell-linear,485.08,3.173,B_CELL,BepiPred_simulated,14,0.7356,0.69,0.1143,0.1679,True,True,True,True,True
SPDLPKLKPDPNTL,133,B-cell-linear,502.44,3.47,B_CELL,BepiPred_simulated,14,0.7108,0.655,0.1,0.1679,True,True,True,True,True
RNECFLSHKDDSPD,122,B-cell-linear,517.63,3.731,B_CELL,BepiPred_simulated,14,0.6891,0.7257,0.1,0.1107,True,True,True,True,True
PERNECFLSHKDDS,120,B-cell-linear,530.09,3.944,B_CELL,BepiPred_simulated,14,0.6713,0.7257,0.1,0.1107,True,True,True,True,True
ERNECFLSHKDDSP,121,B-cell-linear,530.09,3.944,B_CELL,BepiPred_simulated,14,0.6713,0.7257,0.1,0.1107,True,True,True,True,True
LSHKDDSPDLPKLK,127,B-cell-linear,530.58,3.953,B_CELL,BepiPred_simulated,14,0.6706,0.64,0.125,0.175,True,True,True,True,True
YSRGVFRRDTHKSE,17,B-cell-linear,537.58,4.073,B_CELL,BepiPred_simulated,14,0.6606,0.7257,0.125,0.1286,True,True,True,True,True
EPERNECFLSHKDD,119,B-cell-linear,542.62,4.159,B_CELL,BepiPred_simulated,14,0.6534,0.7257,0.1107,0.125,True,True,True,True,True
SQTFPNANYPKVGK,243,B-cell-linear,545.63,4.211,B_CELL,BepiPred_simulated,14,0.6491,0.6757,0.1143,0.1321,True,True,True,True,True
PDLPKLKPDPNTLC,134,B-cell-linear,550.67,4.297,B_CELL,BepiPred_simulated,14,0.6419,0.6157,0.1214,0.1821,True,True,True,True,True
DLPKLKPDPNTLCD,135,B-cell-linear,550.67,4.297,B_CELL,BepiPred_simulated,14,0.6419,0.6157,0.1321,0.1714,True,True,True,True,True
QEPERNECFLSHKD,118,B-cell-linear,551.93,4.319,B_CELL,BepiPred_simulated,14,0.6401,0.7407,0.0857,0.125,True,True,True,True,True
NECFLSHKDDSPDL,123,B-cell-linear,553.75,4.35,B_CELL,BepiPred_simulated,14,0.6375,0.6607,0.125,0.1214,True,True,True,True,True
KPDPNTLCDEFKAD,140,B-cell-linear,553.75,4.35,B_CELL,BepiPred_simulated,14,0.6375,0.6607,0.125,0.1607,True,True,True,True,True
PDPNTLCDEFKADE,141,B-cell-linear,553.75,4.35,B_CELL,BepiPred_simulated,14,0.6375,0.6607,0.1464,0.1393,True,True,True,True,True
RDTHKSEIAHRFKD,24,B-cell-linear,555.5,4.38,B_CELL,BepiPred_simulated,14,0.635,0.7,0.1143,0.2107,True,True,True,True,True
ECFLSHKDDSPDLP,124,B-cell-linear,556.9,4.404,B_CELL,BepiPred_simulated,14,0.633,0.6457,0.1393,0.1321,True,True,True,True,True
PKLKPDPNTLCDEF,137,B-cell-linear,556.9,4.404,B_CELL,BepiPred_simulated,14,0.633,0.6457,0.1286,0.1714,True,True,True,True,True
RLSQTFPNANYPKV,241,B-cell-linear,557.18,4.409,B_CELL,BepiPred_simulated,14,0.6326,0.68,0.1,0.1786,True,True,True,True,True
CFLSHKDDSPDLPK,125,B-cell-linear,560.05,4.458,B_CELL,BepiPred_simulated,14,0.6285,0.6307,0.1321,0.1536,True,True,True,True,True
LPKLKPDPNTLCDE,136,B-cell-linear,560.05,4.458,B_CELL,BepiPred_simulated,14,0.6285,0.6307,0.1179,0.1714,True,True,True,True,True
ARLSQTFPNANYPK,240,B-cell-linear,560.33,4.463,B_CELL,BepiPred_simulated,14,0.6281,0.665,0.1143,0.1786,True,True,True,True,True
FLSHKDDSPDLPKL,126,B-cell-linear,560.47,4.465,B_CELL,BepiPred_simulated,14,0.6279,0.605,0.125,0.1857,True,True,True,True,True
SSAYSRGVFRRDTH,14,B-cell-linear,561.24,4.478,B_CELL,BepiPred_simulated,14,0.6268,0.6607,0.1393,0.125,True,True,True,True,True
PKLDELRDEGKASS,203,B-cell-linear,564.39,4.532,B_CELL,BepiPred_simulated,14,0.6223,0.6457,0.0821,0.1286,True,True,True,True,True
ADESAENCDKSLHT,79,B-cell-linear,566.28,4.565,B_CELL,BepiPred_simulated,14,0.6196,0.6607,0.1,0.1107,True,True,True,True,True
DESAENCDKSLHTL,80,B-cell-linear,566.28,4.565,B_CELL,BepiPred_simulated,14,0.6196,0.6607,0.1,0.1107,True,True,True,True,True
DPNTLCDEFKADEK,142,B-cell-linear,566.28,4.565,B_CELL,BepiPred_simulated,14,0.6196,0.6607,0.1357,0.15,True,True,True,True,True
EKQEPERNECFLSH,116,B-cell-linear,567.61,4.588,B_CELL,BepiPred_simulated,14,0.6177,0.7257,0.1,0.125,True,True,True,True,True
KQEPERNECFLSHK,117,B-cell-linear,567.61,4.588,B_CELL,BepiPred_simulated,14,0.6177,0.7257,0.1,0.1464,True,True,True,True,True
RRDTHKSEIAHRFK,23,B-cell-linear,568.03,4.595,B_CELL,BepiPred_simulated,14,0.6171,0.7,0.1357,0.2321,True,True,True,True,True
KLKPDPNTLCDEFK,138,B-cell-linear,569.43,4.619,B_CELL,BepiPred_simulated,14,0.6151,0.6457,0.1179,0.1821,True,True,True,True,True
SAYSRGVFRRDTHK,15,B-cell-linear,570.62,4.639,B_CELL,BepiPred_simulated,14,0.6134,0.6757,0.1357,0.1607,True,True,True,True,True
AYSRGVFRRDTHKS,16,B-cell-linear,570.62,4.639,B_CELL,BepiPred_simulated,14,0.6134,0.6757,0.1357,0.1607,True,True,True,True,True
SRGVFRRDTHKSEI,18,B-cell-linear,570.62,4.639,B_CELL,BepiPred_simulated,14,0.6134,0.6757,0.1,0.1607,True,True,True,True,True
LSQTFPNANYPKVG,242,B-cell-linear,575.45,4.722,B_CELL,BepiPred_simulated,14,0.6065,0.6407,0.0893,0.1429,True,True,True,True,True
DELRDEGKASSAKQ,206,B-cell-linear,576.92,4.747,B_CELL,BepiPred_simulated,14,0.6044,0.6457,0.0821,0.1179,True,True,True,True,True
PNTLCDEFKADEKK,143,B-cell-linear,578.74,4.778,B_CELL,BepiPred_simulated,14,0.6018,0.6607,0.1143,0.1714,True,True,True,True,True
DTHKSEIAHRFKDL,25,B-cell-linear,585.32,4.891,B_CELL,BepiPred_simulated,14,0.5924,0.665,0.0893,0.2214,True,True,True,True,True
ELRDEGKASSAKQR,207,B-cell-linear,589.38,4.961,B_CELL,BepiPred_simulated,14,0.5866,0.6457,0.0821,0.1393,True,True,True,True,True
RDEGKASSAKQRLK,209,B-cell-linear,589.38,4.961,B_CELL,BepiPred_simulated,14,0.5866,0.6457,0.1036,0.1607,True,True,True,True,True
VARLSQTFPNANYP,239,B-cell-linear,593.37,5.029,B_CELL,BepiPred_simulated,14,0.5809,0.615,0.1036,0.1893,True,True,True,True,True
ENCDKSLHTLFGDE,84,B-cell-linear,593.86,5.038,B_CELL,BepiPred_simulated,14,0.5802,0.6364,0.1107,0.1107,True,True,True,True,True
QTFPNANYPKVGKC,244,B-cell-linear,593.86,5.038,B_CELL,BepiPred_simulated,14,0.5802,0.6364,0.1357,0.1464,True,True,True,True,True
DMADCCEKQEPERN,110,B-cell-linear,594.0,5.04,B_CELL,BepiPred_simulated,14,0.58,0.6714,0.1321,0.1179,True,True,True,True,True
SRGVFRRDT,18,HLA-A*11:01,88.0,0.7,MHC_I,NetMHCpan,9,0.0,0.5883,0.1167,0.1556,True,True,True,True,True
HRFKDLGEE,31,HLA-B*07:02,120.0,1.4,MHC_I,NetMHCpan,9,0.0,0.6033,0.0611,0.1778,True,True,True,True,True
NECFLSHKD,171,HLA-B*15:01,190.0,1.6,MHC_I,NetMHCpan,9,0.0,0.6183,0.0722,0.1444,True,True,True,True,True
CPFEDHVKL,80,HLA-A*24:02,150.0,1.8,MHC_I,NetMHCpan,9,0.0,0.5406,0.0722,0.2333,True,True,True,True,True
FGDELCKVASLRETY,133,HLA-DRB1*15:01,98.0,1.2,MHC_II,NetMHCIIpan,15,0.0,0.5883,0.1033,0.1633,True,True,True,True,True
FWGKYLYEIARRHPY,218,HLA-DRB1*04:05,110.0,1.4,MHC_II,NetMHCIIpan,15,0.0,0.61,0.1867,0.2267,True,True,True,True,True
LIAFAQYLQQCPFED,58,HLA-DPB1*04:01,160.0,2.1,MHC_II,NetMHCIIpan,15,0.0,0.4867,0.1767,0.22,True,True,True,True,True
DTHKSEIAHRFKDLG,25,HLA-DRB1*07:01,210.0,3.5,MHC_II,NetMHCIIpan,15,0.0,0.6567,0.0833,0.1933,True,True,True,True,True
RYKAAFTECCQAADK,251,HLA-DQB1*06:02,240.0,4.6,MHC_II,NetMHCIIpan,15,0.0,0.5433,0.1633,0.21,True,True,True,True,True
PERNECFLSHKDDSP,160,HLA-DRB1*01:01,280.0,5.8,MHC_II,NetMHCIIpan,15,0.0,0.735,0.1067,0.1133,True,True,True,True,True
KLVNEVTEFAKTCVA,88,HLA-DQB1*03:01,340.0,7.4,MHC_II,NetMHCIIpan,15,0.0,0.4717,0.1233,0.25,True,True,True,True,True
