peptide,position,allele,binding_affinity,binding_rank,epitope_class,source_tool,peptide_length,bepipred_score,antigenicity,allergenicity,toxicity,passes_antigenicity,passes_toxicity,passes_allergenicity,passes_binding,passes_filters,norm_antigenicity,norm_binding_affinity,norm_toxicity,norm_allergenicity,composite_score
PERNECFLSHKDDSP,160,HLA-DRB1*01:01,280.0,5.8,MHC_II,NetMHCIIpan,15,0.0,0.735,0.1067,0.1133,True,True,True,True,True,0.9788,0.6206,0.0187,0.3631,0.5517
HRFKDLGEE,31,HLA-B*07:02,120.0,1.4,MHC_I,NetMHCpan,9,0.0,0.6033,0.0611,0.1778,True,True,True,True,True,0.4892,0.9368,0.4817,0.0,0.4737
NECFLSHKD,171,HLA-B*15:01,190.0,1.6,MHC_I,NetMHCpan,9,0.0,0.6183,0.0722,0.1444,True,True,True,True,True,0.545,0.7984,0.2419,0.0884,0.465
SRGVFRRDT,18,HLA-A*11:01,88.0,0.7,MHC_I,NetMHCpan,9,0.0,0.5883,0.1167,0.1556,True,True,True,True,True,0.4335,1.0,0.3223,0.4427,0.4591
FGDELCKVASLRETY,133,HLA-DRB1*15:01,98.0,1.2,MHC_II,NetMHCIIpan,15,0.0,0.5883,0.1033,0.1633,True,True,True,True,True,0.4335,0.9802,0.3776,0.336,0.4536
DTHKSEIAHRFKDLG,25,HLA-DRB1*07:01,210.0,3.5,MHC_II,NetMHCIIpan,15,0.0,0.6567,0.0833,0.1933,True,True,True,True,True,0.6877,0.7589,0.593,0.1768,0.4376
RNECFLSHKDDSPD,122,B-cell-linear,517.63,3.731,B_CELL,BepiPred_simulated,14,0.6891,0.7257,0.1,0.1107,True,True,True,True,True,0.9442,0.1509,0.0,0.3097,0.3599
PERNECFLSHKDDS,120,B-cell-linear,530.09,3.944,B_CELL,BepiPred_simulated,14,0.6713,0.7257,0.1,0.1107,True,True,True,True,True,0.9442,0.1263,0.0,0.3097,0.35
ERNECFLSHKDDSP,121,B-cell-linear,530.09,3.944,B_CELL,BepiPred_simulated,14,0.6713,0.7257,0.1,0.1107,True,True,True,True,True,0.9442,0.1263,0.0,0.3097,0.35
QEPERNECFLSHKD,118,B-cell-linear,551.93,4.319,B_CELL,BepiPred_simulated,14,0.6401,0.7407,0.0857,0.125,True,True,True,True,True,1.0,0.0831,0.1027,0.1959,0.3483
DSPDLPKLKPDPNT,132,B-cell-linear,456.94,2.69,B_CELL,BepiPred_simulated,14,0.7758,0.705,0.1107,0.1357,True,True,True,True,True,0.8673,0.2709,0.1795,0.3949,0.3455
FWGKYLYEIARRHPY,218,HLA-DRB1*04:05,110.0,1.4,MHC_II,NetMHCIIpan,15,0.0,0.61,0.1867,0.2267,True,True,True,True,True,0.5141,0.9565,0.8327,1.0,0.3376
EPERNECFLSHKDD,119,B-cell-linear,542.62,4.159,B_CELL,BepiPred_simulated,14,0.6534,0.7257,0.1107,0.125,True,True,True,True,True,0.9442,0.1015,0.1027,0.3949,0.3162
EKQEPERNECFLSH,116,B-cell-linear,567.61,4.588,B_CELL,BepiPred_simulated,14,0.6177,0.7257,0.1,0.125,True,True,True,True,True,0.9442,0.0522,0.1027,0.3097,0.305
YSRGVFRRDTHKSE,17,B-cell-linear,537.58,4.073,B_CELL,BepiPred_simulated,14,0.6606,0.7257,0.125,0.1286,True,True,True,True,True,0.9442,0.1115,0.1285,0.5088,0.3049
DDSPDLPKLKPDPN,131,B-cell-linear,460.09,2.744,B_CELL,BepiPred_simulated,14,0.7713,0.69,0.1357,0.1357,True,True,True,True,True,0.8115,0.2646,0.1795,0.5939,0.3036
CPFEDHVKL,80,HLA-A*24:02,150.0,1.8,MHC_I,NetMHCpan,9,0.0,0.5406,0.0722,0.2333,True,True,True,True,True,0.2561,0.8775,0.8801,0.0884,0.2998
KQEPERNECFLSHK,117,B-cell-linear,567.61,4.588,B_CELL,BepiPred_simulated,14,0.6177,0.7257,0.1,0.1464,True,True,True,True,True,0.9442,0.0522,0.2563,0.3097,0.2819
SHKDDSPDLPKLKP,128,B-cell-linear,485.08,3.173,B_CELL,BepiPred_simulated,14,0.7356,0.69,0.125,0.1536,True,True,True,True,True,0.8115,0.2153,0.308,0.5088,0.2731
HKDDSPDLPKLKPD,129,B-cell-linear,485.08,3.173,B_CELL,BepiPred_simulated,14,0.7356,0.69,0.1143,0.1679,True,True,True,True,True,0.8115,0.2153,0.4106,0.4236,0.2662
KDDSPDLPKLKPDP,130,B-cell-linear,475.77,3.013,B_CELL,BepiPred_simulated,14,0.7489,0.675,0.1393,0.1571,True,True,True,True,True,0.7558,0.2337,0.3331,0.6226,0.2458
SQTFPNANYPKVGK,243,B-cell-linear,545.63,4.211,B_CELL,BepiPred_simulated,14,0.6491,0.6757,0.1143,0.1321,True,True,True,True,True,0.7584,0.0956,0.1536,0.4236,0.2383
ADESAENCDKSLHT,79,B-cell-linear,566.28,4.565,B_CELL,BepiPred_simulated,14,0.6196,0.6607,0.1,0.1107,True,True,True,True,True,0.7026,0.0548,0.0,0.3097,0.2369
DESAENCDKSLHTL,80,B-cell-linear,566.28,4.565,B_CELL,BepiPred_simulated,14,0.6196,0.6607,0.1,0.1107,True,True,True,True,True,0.7026,0.0548,0.0,0.3097,0.2369
SPDLPKLKPDPNTL,133,B-cell-linear,502.44,3.47,B_CELL,BepiPred_simulated,14,0.7108,0.655,0.1,0.1679,True,True,True,True,True,0.6814,0.1809,0.4106,0.3097,0.2183
DELRDEGKASSAKQ,206,B-cell-linear,576.92,4.747,B_CELL,BepiPred_simulated,14,0.6044,0.6457,0.0821,0.1179,True,True,True,True,True,0.6468,0.0338,0.0517,0.1672,0.2154
NECFLSHKDDSPDL,123,B-cell-linear,553.75,4.35,B_CELL,BepiPred_simulated,14,0.6375,0.6607,0.125,0.1214,True,True,True,True,True,0.7026,0.0795,0.0768,0.5088,0.2153
PKLDELRDEGKASS,203,B-cell-linear,564.39,4.532,B_CELL,BepiPred_simulated,14,0.6223,0.6457,0.0821,0.1286,True,True,True,True,True,0.6468,0.0585,0.1285,0.1672,0.2138
SRGVFRRDTHKSEI,18,B-cell-linear,570.62,4.639,B_CELL,BepiPred_simulated,14,0.6134,0.6757,0.1,0.1607,True,True,True,True,True,0.7584,0.0462,0.3589,0.3097,0.1991
RLSQTFPNANYPKV,241,B-cell-linear,557.18,4.409,B_CELL,BepiPred_simulated,14,0.6326,0.68,0.1,0.1786,True,True,True,True,True,0.7743,0.0728,0.4874,0.3097,0.196
DMADCCEKQEPERN,110,B-cell-linear,594.0,5.04,B_CELL,BepiPred_simulated,14,0.58,0.6714,0.1321,0.1179,True,True,True,True,True,0.7424,0.0,0.0517,0.5653,0.1956
SSAYSRGVFRRDTH,14,B-cell-linear,561.24,4.478,B_CELL,BepiPred_simulated,14,0.6268,0.6607,0.1393,0.125,True,True,True,True,True,0.7026,0.0647,0.1027,0.6226,0.1941
RYKAAFTECCQAADK,251,HLA-DQB1*06:02,240.0,4.6,MHC_II,NetMHCIIpan,15,0.0,0.5433,0.1633,0.21,True,True,True,True,True,0.2662,0.6996,0.7128,0.8137,0.1847
ELRDEGKASSAKQR,207,B-cell-linear,589.38,4.961,B_CELL,BepiPred_simulated,14,0.5866,0.6457,0.0821,0.1393,True,True,True,True,True,0.6468,0.0091,0.2053,0.1672,0.1825
PDPNTLCDEFKADE,141,B-cell-linear,553.75,4.35,B_CELL,BepiPred_simulated,14,0.6375,0.6607,0.1464,0.1393,True,True,True,True,True,0.7026,0.0795,0.2053,0.6791,0.179
RDTHKSEIAHRFKD,24,B-cell-linear,555.5,4.38,B_CELL,BepiPred_simulated,14,0.635,0.7,0.1143,0.2107,True,True,True,True,True,0.8487,0.0761,0.7179,0.4236,0.1774
LSQTFPNANYPKVG,242,B-cell-linear,575.45,4.722,B_CELL,BepiPred_simulated,14,0.6065,0.6407,0.0893,0.1429,True,True,True,True,True,0.6283,0.0367,0.2312,0.2245,0.1774
ENCDKSLHTLFGDE,84,B-cell-linear,593.86,5.038,B_CELL,BepiPred_simulated,14,0.5802,0.6364,0.1107,0.1107,True,True,True,True,True,0.6123,0.0003,0.0,0.3949,0.1749
KPDPNTLCDEFKAD,140,B-cell-linear,553.75,4.35,B_CELL,BepiPred_simulated,14,0.6375,0.6607,0.125,0.1607,True,True,True,True,True,0.7026,0.0795,0.3589,0.5088,0.173
SAYSRGVFRRDTHK,15,B-cell-linear,570.62,4.639,B_CELL,BepiPred_simulated,14,0.6134,0.6757,0.1357,0.1607,True,True,True,True,True,0.7584,0.0462,0.3589,0.5939,0.1707
AYSRGVFRRDTHKS,16,B-cell-linear,570.62,4.639,B_CELL,BepiPred_simulated,14,0.6134,0.6757,0.1357,0.1607,True,True,True,True,True,0.7584,0.0462,0.3589,0.5939,0.1707
ECFLSHKDDSPDLP,124,B-cell-linear,556.9,4.404,B_CELL,BepiPred_simulated,14,0.633,0.6457,0.1393,0.1321,True,True,True,True,True,0.6468,0.0733,0.1536,0.6226,0.1704
DPNTLCDEFKADEK,142,B-cell-linear,566.28,4.565,B_CELL,BepiPred_simulated,14,0.6196,0.6607,0.1357,0.15,True,True,True,True,True,0.7026,0.0548,0.2821,0.5939,0.1661
ARLSQTFPNANYPK,240,B-cell-linear,560.33,4.463,B_CELL,BepiPred_simulated,14,0.6281,0.665,0.1143,0.1786,True,True,True,True,True,0.7186,0.0665,0.4874,0.4236,0.1626
LIAFAQYLQQCPFED,58,HLA-DPB1*04:01,160.0,2.1,MHC_II,NetMHCIIpan,15,0.0,0.4867,0.1767,0.22,True,True,True,True,True,0.0558,0.8577,0.7846,0.9204,0.1529
PNTLCDEFKADEKK,143,B-cell-linear,578.74,4.778,B_CELL,BepiPred_simulated,14,0.6018,0.6607,0.1143,0.1714,True,True,True,True,True,0.7026,0.0302,0.4358,0.4236,0.1503
LSHKDDSPDLPKLK,127,B-cell-linear,530.58,3.953,B_CELL,BepiPred_simulated,14,0.6706,0.64,0.125,0.175,True,True,True,True,True,0.6257,0.1253,0.4616,0.5088,0.149
RDEGKASSAKQRLK,209,B-cell-linear,589.38,4.961,B_CELL,BepiPred_simulated,14,0.5866,0.6457,0.1036,0.1607,True,True,True,True,True,0.6468,0.0091,0.3589,0.3384,0.1424
PKLKPDPNTLCDEF,137,B-cell-linear,556.9,4.404,B_CELL,BepiPred_simulated,14,0.633,0.6457,0.1286,0.1714,True,True,True,True,True,0.6468,0.0733,0.4358,0.5374,0.1366
CFLSHKDDSPDLPK,125,B-cell-linear,560.05,4.458,B_CELL,BepiPred_simulated,14,0.6285,0.6307,0.1321,0.1536,True,True,True,True,True,0.5911,0.0671,0.308,0.5653,0.131
RRDTHKSEIAHRFK,23,B-cell-linear,568.03,4.595,B_CELL,BepiPred_simulated,14,0.6171,0.7,0.1357,0.2321,True,True,True,True,True,0.8487,0.0513,0.8715,0.5939,0.1275
KLKPDPNTLCDEFK,138,B-cell-linear,569.43,4.619,B_CELL,BepiPred_simulated,14,0.6151,0.6457,0.1179,0.1821,True,True,True,True,True,0.6468,0.0486,0.5126,0.4522,0.1237
LPKLKPDPNTLCDE,136,B-cell-linear,560.05,4.458,B_CELL,BepiPred_simulated,14,0.6285,0.6307,0.1179,0.1714,True,True,True,True,True,0.5911,0.0671,0.4358,0.4522,0.1231
DTHKSEIAHRFKDL,25,B-cell-linear,585.32,4.891,B_CELL,BepiPred_simulated,14,0.5924,0.665,0.0893,0.2214,True,True,True,True,True,0.7186,0.0172,0.7947,0.2245,0.1167
QTFPNANYPKVGKC,244,B-cell-linear,593.86,5.038,B_CELL,BepiPred_simulated,14,0.5802,0.6364,0.1357,0.1464,True,True,True,True,True,0.6123,0.0003,0.2563,0.5939,0.1166
DLPKLKPDPNTLCD,135,B-cell-linear,550.67,4.297,B_CELL,BepiPred_simulated,14,0.6419,0.6157,0.1321,0.1714,True,True,True,True,True,0.5353,0.0856,0.4358,0.5653,0.0997
PDLPKLKPDPNTLC,134,B-cell-linear,550.67,4.297,B_CELL,BepiPred_simulated,14,0.6419,0.6157,0.1214,0.1821,True,True,True,True,True,0.5353,0.0856,0.5126,0.4801,0.0967
VARLSQTFPNANYP,239,B-cell-linear,593.37,5.029,B_CELL,BepiPred_simulated,14,0.5809,0.615,0.1036,0.1893,True,True,True,True,True,0.5327,0.0012,0.5642,0.3384,0.0685
FLSHKDDSPDLPKL,126,B-cell-linear,560.47,4.465,B_CELL,BepiPred_simulated,14,0.6279,0.605,0.125,0.1857,True,True,True,True,True,0.4955,0.0663,0.5384,0.5088,0.0683
KLVNEVTEFAKTCVA,88,HLA-DQB1*03:01,340.0,7.4,MHC_II,NetMHCIIpan,15,0.0,0.4717,0.1233,0.25,True,True,True,True,True,0.0,0.502,1.0,0.4952,0.0013
